community_name,Latitude,Longitude,community_name,datehour_ec,datehour_my,condition,temp,dewpoint,windchill,pressure,visibility,humidity,windspeed,gust,direction,bearing,realTemp,temp_delta,dwellings,ceiling_w,window_w,noWindowWall_w,floor_w,total_w,total_w_per_dwelling
Brantford,43.1408157,-80.2631733,Brantford,2023-03-05 13:00:00,2023-03-05 08:00:00,,1.6,-0.1,0.0,102.0,,89.0,11.0,,W,262.8,1.6,16.7,52726,278.05499999999995,563.625,1052.1,185.37,109625262.89999998,2079.1499999999996
Brockville,44.5895925,-75.6843332,Brockville,2023-03-05 13:00:00,2023-03-05 08:00:00,,-0.6,-1.9,-2.0,101.8,,91.0,4.0,,S,177.8,-2.0,20.3,16709,337.995,685.125,1278.9,225.33000000000004,42229491.15,2527.35
Chatham-Kent,42.41833,-82.0898417,Chatham-Kent,2023-03-05 13:00:00,2023-03-05 08:00:00,Mainly Sunny,2.1,0.6,0.0,102.3,12.9,90.0,21.0,,WNW,300.0,2.1,16.2,42992,269.72999999999996,546.75,1020.5999999999999,179.82000000000002,86710564.8,2016.8999999999999
Cobourg,43.9595998,-78.1677784,Cobourg,2023-03-05 13:00:00,2023-03-05 08:00:00,,0.2,-0.5,0.0,101.9,,96.0,1.0,,SW,232.8,0.2,18.1,8047,301.365,610.875,1140.3000000000002,200.91000000000005,18133512.15,2253.45
Collingwood,44.5027226,-80.2172379,Collingwood,2023-03-05 13:00:00,2023-03-05 08:00:00,,1.8,0.3,0.0,101.9,,90.0,10.0,,WNW,288.9,1.8,16.5,8339,274.72499999999997,556.875,1039.5,183.15000000000003,17130390.75,2054.25
Guelph,43.5460516,-80.2493276,Guelph,2023-03-05 13:00:00,2023-03-05 08:00:00,,1.3,0.4,0.0,102.0,,94.0,11.0,,W,280.0,1.3,17.0,54868,283.04999999999995,573.75,1071.0,188.70000000000002,116128122.0,2116.5
Hamilton,43.2560802,-79.8728583,Hamilton,2023-03-05 13:20:00,2023-03-05 08:20:00,Mostly Cloudy,1.9,0.0,0.0,102.0,12.9,87.0,16.0,,W,276.0,1.9,16.400000000000002,282186,273.06,553.5000000000001,1033.2,182.04000000000005,576167374.8000001,2041.8000000000002
Kenora,54.0245941,-89.1618188,Kenora,2023-03-05 12:00:00,2023-03-05 07:00:00,Freezing Fog,-10.1,-11.2,-11.0,102.2,0.6,92.0,2.0,,N,0.0,-11.0,29.3,6521,487.84499999999997,988.875,1845.9,325.2300000000001,23787629.849999998,3647.85
Kingston,44.230687,-76.481323,Kingston,2023-03-05 13:25:00,2023-03-05 08:25:00,Mist,0.4,-0.2,0.0,101.9,3.2,96.0,9.0,,NW,304.0,0.4,17.900000000000002,52413,298.035,604.1250000000001,1127.7,198.69000000000005,116804991.15,2228.55
London,42.983612,-81.249725,London,2023-03-05 13:00:00,2023-03-05 08:00:00,Mist,2.0,0.0,0.0,102.2,9.7,87.0,15.0,28,W,271.0,2.0,16.3,195056,271.395,550.125,1026.9,180.93000000000004,395836893.6,2029.3500000000001
North Bay,46.3092115,-79.4607617,North Bay,2023-03-05 13:00:00,2023-03-05 08:00:00,Mostly Cloudy,-3.2,-4.5,-4.0,101.8,48.3,91.0,3.0,,SE,141.0,-4.0,22.3,27305,371.29499999999996,752.625,1404.9,247.53000000000003,75808236.75000001,2776.3500000000004
Oshawa,43.8975558,-78.8635324,Oshawa,2023-03-05 13:23:00,2023-03-05 08:23:00,Mist,0.3,0.3,0.0,101.9,2.4,100.0,5.0,,WSW,240.0,0.3,18.0,129698,299.7,607.5,1134.0,199.8,290653218.0,2241.0
Ottawa,45.4528793,-75.483733885631,Ottawa,2023-03-05 13:00:00,2023-03-05 08:00:00,Mist,-2.7,-3.0,-4.0,101.9,3.2,98.0,4.0,,ENE,57.0,-4.0,22.3,371791,371.29499999999996,752.625,1404.9,247.53000000000003,1032221942.8500001,2776.3500000000004
Peterborough,44.3048009,-78.3199496,Peterborough,2023-03-05 13:29:00,2023-03-05 08:29:00,Light Snow,-2.3,-2.3,0.0,101.9,8.1,100.0,0.0,,,,-2.3,20.6,48848,342.99,695.25,1297.8000000000002,228.66000000000005,125280465.6,2564.7
Sarnia,42.9746137,-82.4065585,Sarnia,2023-03-05 13:00:00,2023-03-05 08:00:00,Cloudy,2.7,-0.4,0.0,102.3,16.1,80.0,18.0,28,WNW,300.0,2.7,15.600000000000001,38305,259.74,526.5,982.8000000000001,173.16000000000003,74395971.0,1942.2
Sault Ste. Marie,46.52391,-84.320068,Sault Ste. Marie,2023-03-05 13:23:00,2023-03-05 08:23:00,Mist,-1.8,-1.8,-6.0,102.2,4.0,100.0,14.0,,WNW,292.0,-6.0,24.3,34338,404.59499999999997,820.125,1530.9,269.73,103884468.3,3025.35
St. Catharines,43.1579812,-79.2441003,St. Catharines,2023-03-05 13:00:00,2023-03-05 08:00:00,Cloudy,2.2,0.8,0.0,102.0,19.3,90.0,13.0,,WSW,239.0,2.2,16.1,160455,268.065,543.375,1014.3000000000001,178.71000000000004,321624024.75000006,2004.4500000000003
Sudbury,46.487489,-80.9921545,Sudbury,2023-03-05 13:00:00,2023-03-05 08:00:00,Partly Cloudy,-6.0,-6.8,-10.0,101.8,32.2,94.0,8.0,,NW,310.0,-10.0,28.3,67767,471.195,955.125,1782.9,314.13000000000005,238766859.45000002,3523.3500000000004
Thunder Bay,49.809661,-88.4811791,Thunder Bay,2023-03-05 13:00:00,2023-03-05 08:00:00,Sunny,-11.3,-13.1,-16.0,102.3,32.2,87.0,7.0,,W,269.0,-16.0,34.3,52062,571.0949999999999,1157.625,2160.8999999999996,380.73,222322961.69999996,4270.349999999999
Timmins,48.477473,-81.330414,Timmins,2023-03-05 13:00:00,2023-03-05 08:00:00,Mostly Cloudy,-6.4,-8.6,-11.0,102.0,24.1,84.0,11.0,,NNW,331.0,-11.0,29.3,17811,487.84499999999997,988.875,1845.9,325.2300000000001,64971856.35,3647.85
Toronto,43.6534817,-79.3839347,Toronto,2023-03-05 13:00:00,2023-03-05 08:00:00,Mist,1.7,1.7,0.0,101.9,9.7,100.0,12.0,,WSW,258.0,1.7,16.6,1989705,276.39,560.25,1045.8000000000002,184.26000000000005,4112123323.5000005,2066.7000000000003
Windsor,42.3167397,-83.0373389,Windsor,2023-03-05 13:00:00,2023-03-05 08:00:00,Partly Cloudy,2.9,0.3,0.0,102.4,16.1,83.0,13.0,28,WNW,290.0,2.9,15.4,126843,256.40999999999997,519.75,970.2,170.94000000000003,243196083.90000004,1917.3000000000002
